Václav;Altmann;2.A;ZMP;ANJ
Stanislav;Attl;2.A;MAT;ZMP
Lucie;Černá;2.A;MAT;ZSV
Drahoslav;Domiter;2.A;ZSV;HUV
Ladislav;Fišer;2.A;CHE;CJL
Abdeljalil;Flanderka;2.A;ZMP;DEJ
Josef;Frehar;2.A;CJL;ZMP
Denisa;Haničincová;2.A;BIO;TEV
Veronika;Chaloupková;2.A;ZMP;MAT
Miluška;Kalistová;2.A;ZMP;CJL
Milan;Kočí;2.A;FYZ;CJL
Jana;Kolářová;2.A;VYV;BIO
Štěpán;Krejča;2.A;VYV;HUV
Libor;Krkonoška;2.A;ANJ;MAT
Blanka;Lafuntálová;2.A;VYV;HUV
Marie;Machálková;2.A;MAT;ZSV
Petr;Maršálek;2.A;ANJ;MAT
Jaroslava;Molinová;2.A;ANJ;ZMP
Renata;Patrmanová;2.A;TEV;ZSV
Kateřina;Poláčková;2.A;FYZ;ZMP
Helena;Rychtářová;2.A;MAT;TEV
Oldřich;Rychtera;2.A;CHE;ANJ
Jiřina;Smísitelová;2.A;ICT;CHE
Pavel;Trnkal;2.A;CJL;ANJ
Martina;Třešňáková;2.A;TEV;ZMP
Rozália;Urbánková;2.A;BIO;CJL
Vojtěška;Vavřičková;2.A;MAT;ICT
Ivana;Veverková;2.A;ICT;BIO
František;Vlachý;2.A;CHE;HUV
Aneta;Vondrová;2.A;TEV;ICT
Kamil;Březina;2.B;ZMP;DEJ
Zdeněk;Buček;2.B;ZSV;MAT
Stanislava;Cibulková;2.B;ZMP;TEV
Milena;Černoušková;2.B;ZSV;FYZ
Jitka;Daňková;2.B;CJL;FYZ
Božena;Dvořáková;2.B;CHE;BIO
Klement;Halbrštát;2.B;MAT;BIO
Otto;Hrnčárek;2.B;TEV;ANJ
Renáta Anežka;Hrušková;2.B;TEV;ZMP
Vladimír;Chalupský;2.B;FYZ;ICT
Růžena;Jeřábková;2.B;TEV;BIO
Jarmila;Mlsnová;2.B;FYZ;ICT
Hana;Nechvátalová;2.B;VYV;TEV
Ludmila;Nekudová;2.B;ZMP;ANJ
Ilse;Němcová;2.B;ZMP;DEJ
Anna;Nguyen;2.B;VYV;ANJ
Tereza;Rozsypalová;2.B;HUV;DEJ
Alena;Svobodová;2.B;ZMP;ANJ
Michaela;Šmejkalová;2.B;MAT;ANJ
Lenka;Šnyrychová;2.B;FYZ;VYV
Jakub;Štorek;2.B;TEV;ZMP
Marta;Šupková;2.B;MAT;DEJ
Petra;Teplá;2.B;MAT;CHE
Valentýna;Vacková;2.B;ZSV;DEJ
Dominik;Valenta;2.B;CHE;VYV
Libuše;Vyvlečková;2.B;CJL;CHE
Miroslav;Žáček;2.B;DEJ;VYV
Pavla;Žaludová;2.B;DEJ;ZMP
Jindřich;Žemlička;2.B;ICT;TEV
Eduard;Židek;2.B;TEV;BIO
Miluše;Balická;2.C;HUV;ZSV
Věra;Bednárová;2.C;HUV;VYV
Jan;Bulva;2.C;ZMP;DEJ
Heidemarie;Dobiášová;2.C;CJL;BIO
Luboš;Doležal;2.C;ZMP;ANJ
Sebastian;Frits;2.C;CJL;ZMP
Irena;Haklová;2.C;HUV;ZMP
Zdenka;Hlávková;2.C;MAT;FYZ
Noel;Hucek;2.C;ZMP;BIO
Pavlína;Chottová;2.C;HUV;FYZ
Barbora;Jarolímková;2.C;ZMP;FYZ
Lukáš;Jileček;2.C;HUV;TEV
Jolana;Junková;2.C;VYV;BIO
Tomáš;Kadlec;2.C;FYZ;BIO
Leoš;Kašpar;2.C;ZMP;TEV
Martin;Kašpírek;2.C;FYZ;DEJ
Karel;Kešner;2.C;VYV;TEV
Vladislav;Kocourek;2.C;CJL;FYZ
Eva;Krátká;2.C;MAT;ZMP
David;Lukšan;2.C;FYZ;ICT
Jaroslav;Pala;2.C;MAT;DEJ
Paulina;Pažoutová;2.C;ZSV;VYV
Michal;Pech;2.C;ZMP;MAT
Alex;Poprovský;2.C;ANJ;CJL
Drahomíra;Poživilová;2.C;ZMP;ANJ
Radka;Santolíková;2.C;ZSV;BIO
Kristýna;Stezková;2.C;ICT;VYV
Jiří;Tomášek;2.C;CHE;FYZ
Světlana;Veselá;2.C;ZMP;ZMP
Roman;Žirovnický;2.C;ZMP;CJL
